P001,Arun Kumar,1,7500.00,Yes
P002,Riya Sharma,1,12000.00,Yes
P003,John Doe,1,3500.00,Yes
P004,Meena Patel,1,2200.00,Yes
P005,Suresh K,1,1800.00,Yes
P006,Neha Verma,1,4800.50,Yes
P007,Alex Johnson,1,6000.00,Yes
P008,Li Wei,1,45000.00,Yes
P009,Anita Singh,1,900.00,Yes
P010,Michael Brown,1,1500.00,Yes
P011,Sophia Lee,1,5200.00,Yes
P012,Rajesh Kumar,1,16000.00,Yes
P013,Olga Petrova,1,4200.00,Yes
P014,Diego Marquez,1,7000.00,Yes
P015,Ananya Rao,1,1100.00,Yes
P016,Sunil Sharma,1,8200.00,Yes
P017,Leila Ahmed,1,600.00,Yes
P018,Peter Clark,1,4300.00,Yes
P019,Maya Singh,1,2100.00,Yes
P020,Oscar Wilde,1,36000.00,Yes
P021,Lina Gomez,1,2500.00,Yes
P022,Tom Hanks,1,5000.00,Yes
P023,Sana Khan,1,3200.00,Yes
P024,Raj Patel,1,4100.00,Yes
P025,Emily Stone,1,900.00,Yes
P026,Victor Hugo,1,9800.75,Yes
P027,Zara Ali,1,1400.00,Yes
P028,Ken Watanabe,1,22000.00,Yes
P029,Liu Chen,1,5200.00,Yes
P030,Mira Kapoor,1,3000.00,Yes
P031,Sam Wilson,1,6100.00,Yes
P032,Isha Verma,1,800.00,Yes
P033,Arjun Singh,1,14500.00,Yes
P034,Nora Bates,1,1300.00,Yes
P035,Paul Green,1,5400.00,Yes
P036,Farah Khan,1,2900.00,Yes
P037,Igor Petrov,1,52000.00,Yes
P038,Karen Mills,1,1700.00,Yes
P039,Yuki Tanaka,1,4700.00,Yes
P040,Rachel Adams,1,4100.00,Yes
P041,Dev Patel,1,2300.00,Yes
P042,Sofia Loren,1,18500.00,Yes
P043,Imran Khan,1,900.00,Yes
P044,Linda Park,1,3100.00,Yes
P045,Noah Brown,1,2000.00,Yes
P046,Nadia Petrova,1,4500.00,Yes
P047,Oscar Diaz,1,8000.00,Yes
P048,Helena Costa,1,2600.00,Yes
P049,Manish Malhotra,1,12500.00,Yes
P050,Eva Green,1,28000.00,Yes
P051,Samir Das,1,1900.00,Yes
P052,Priya Menon,1,2700.00,Yes
P053,Andrei Ivanov,1,4100.00,Yes
P054,Lucy Hale,1,1100.00,Yes
P055,Deepak Yadav,1,7200.00,Yes
P056,Helga Schmidt,1,39000.00,Yes
P057,Karan Johar,1,4500.00,Yes
P058,Mayra Lopez,1,900.00,Yes
P059,Daniel Craig,1,3300.00,Yes
P060,Ayesha Khan,1,4200.00,No
P061,Boris Becker,1,1500.00,Yes
P062,Grace Park,1,800.00,Yes
P063,Rajiv Menon,1,23000.00,Yes
P064,Sylvia Plath,1,600.00,Yes
P065,Marcus Aurelius,1,34000.00,Yes
P066,Hannah Wells,1,2700.00,Yes
P067,Victor Cruz,1,6400.00,Yes
P068,Nina Simone,1,3800.00,Yes
P069,Omar Sy,1,5900.00,Yes
P070,Leah Baker,1,1000.00,Yes
P071,Harish Rao,1,13200.00,Yes
P072,Sonia Kapoor,1,1700.00,Yes
P073,Neil Armstrong,1,47000.00,Yes
P074,Maya Angelou,1,3300.00,Yes
P075,Rajeshwari Pillai,1,2900.00,Yes
P076,Daniel Ortega,1,2300.00,Yes
P077,Linda Nguyen,1,4300.00,Yes
P078,Mark Ruffalo,1,9400.00,Yes
P079,Aditi Rao,1,700.00,Yes
P080,Chen Li,1,3050.00,Yes
P081,Olivia Wilde,1,900.00,Yes
P082,Pranav Joshi,1,6100.00,Yes
P083,Samanta Fox,1,36000.00,Yes
P084,Imelda Marcos,1,1500.00,Yes
P085,Diego Rivera,1,15500.00,Yes
P086,Aisha Siddiqui,1,2400.00,Yes
P087,Brian Cox,1,1700.00,Yes
P088,Helene Fischer,1,4100.00,Yes
P089,Anil Kapoor,1,7200.00,Yes
P090,Molly Ringwald,1,1100.00,Yes
P091,Yusuf Pathan,1,1900.00,Yes
P092,Nicole Kidman,1,21000.00,Yes
P093,Raj Malhotra,1,2500.00,Yes
P094,Tara Strong,1,4900.00,Yes
P095,Victor Hugo Jr,1,29000.00,Yes
P096,Ritika Sen,1,850.00,Yes
P097,Dominic Toretto,1,6800.00,Yes
P098,Sasha Banks,1,950.00,Yes
P099,Igor Kravitz,1,5900.00,Yes
P100,Ankita Sharma,1,4200.00,Yes
