patient_id,name,dob,gender,contact,provider_id,provider_name,department,visit_date,visit_type,diagnosis_codes,procedure_codes,billed_amount,insurance_provider,insurance_id,payment_status,discharge_date,follow_up_required,notes
P002,Riya Sharma,1990-07-30,F,9810098765,DR200,Dr. Iyer,Orthopedics,2025-10-02,IP,E66.9,PROC2001,12000.00,HealthPlus,INS2002,Pending,2025-10-05,No,Surgery performed. Observe for fever.
P003,John Doe,1978-01-05,M,8800123456,DR300,Dr. Lee,Neurology,2025-10-02,OP,G40.9, ,3500.00,, ,Unpaid, ,No,First visit; intermittent headaches.
P005,Suresh K,1965-03-23,M,9900112233,DR400,Dr. Khan,General Medicine,2025-10-03,OP,E11.9, ,1800.00,HealthPlus,INS3001,Pending, ,Yes,Diabetes review; missing labs.
P007,Alex Johnson,1995-11-11,M,7000005555,DR300,Dr. Lee,Neurology,2025-10-04,OP,G43.0,PROC3002; PROC3003,6000.00,GlobalCare,INS5001,Pending,2025-10-04,Yes,Migraine; MRI recommended.
P009,Anita Singh,1982-02-02,F,8800099999,DR400,Dr. Khan,General Medicine,2025-10-05,OP,J00, ,900.00,, ,Unpaid, ,No,Cold symptoms; OTC advised.
P011,Sophia Lee,1999-05-14,F,7700011111,DR100,Dr. Mehta,Cardiology,2025-10-06,OP,I25.10,PROC1004,5200.00,MedSecure,INS1002,Pending,2025-10-06,Yes,Angina; stress test scheduled.
P013,Olga Petrova,1983-03-03,F,7700013333,DR800,Dr. Sinha,Endocrinology,2025-10-07,OP,E03.9, ,4200.00,EndoCare,INS8001,Unpaid, ,No,Thyroid abnormal; Rx started.
P015,Ananya Rao,2007-04-04,F,8800044444,DR700,Dr. Fernandez,Pediatrics,2025-10-08,OP,R50.9, ,1100.00,ChildCare,INS7002,Pending, ,No,Fever; advised rest.
P017,Leila Ahmed,1994-02-14,F,98100-22233,DR900,Dr. Narayan,Dermatology,2025-10-09,OP,L20.8, ,600.00,DermiCare,INS9001,unpaid, ,No,Eczema; topical treatment.
P018,Peter Clark,1969-12-31,M,98000 33344,DR300,Dr. Lee,Neurology,2025-10-10,OP,G93.1,PROC3004,4300.00,GlobalCare,INS5002,Pending, ,Yes,Dizziness evaluation.
P021,Lina Gomez,1991-01-01,F,7700097777,DR500,Dr. Gupta,ENT,2025-10-11,OP,H66.9,PROC5002,2500.00,MedSecure,INS4003,Pending, ,No,Otitis media; antibiotics.
P022,Tom Hanks,1956-07-09,M,8800088888,DR300,Dr. Lee,Neurology,2025-10-12,OP,G40.9, ,5000.00,, ,Unpaid, ,Yes,Seizure history; follow-up.
P024,Raj Patel,1984-06-06,M, +91-77 000 33333 ,DR200,Dr. Iyer,Orthopedics,2025-10-12,OP,M54.5,PROC2003,4100.00,HealthPlus,INS2004,PENDING, ,Yes,Back pain; physio advised.
P026,Victor Hugo,1960-02-02,M,7700044444,DR100,Dr. Mehta,Cardiology,2025-10-13,OP,I48.1,PROC1006,9800.75,MedSecure,INS1005,Pending,2025-10-14,Yes,Atrial fibrillation consult.
P029,Liu Chen,1985-08-08,M,6000012222,DR500,Dr. Gupta,ENT,2025-10-15,OP,H90.3,PROC5003; PROC5004,5200.00,MedSecure,INS4004,Pending,2025-10-15,Yes,Hearing test and minor procedure.
P030,Mira Kapoor,1996-12-12,F,7700066666,DR800,Dr. Sinha,Endocrinology,2025-10-15,OP,E66.9, ,3000.00,EndoCare,INS8003,Unpaid, ,No,Obesity counseling.
P031,Sam Wilson,1989-05-05,M,8800022222,DR300,Dr. Lee,Neurology,2025-10-16,OP,G43.1,PROC3005,6100.00,GlobalCare,INS5003,pending, ,Yes,Chronic migraine management.
P034,Nora Bates,1992-02-28,F,7700077777,DR700,Dr. Fernandez,Pediatrics,2025-10-17,OP,A02.1, ,1300.00,ChildCare,INS7004,Pending, ,No,Gastroenteritis; hydration advised.
P036,Farah Khan,1988-11-11,F,7700088888,DR500,Dr. Gupta,ENT,2025-10-18,OP,H92.0, ,2900.00,MedSecure,INS4005,Unpaid, ,Yes,Tinnitus workup.
P038,Karen Mills,1975-06-06,F,7000023334,DR400,Dr. Khan,General Medicine,2025-10-19,OP,E78.5, ,1700.00,HealthPlus,INS3006,Pending, ,No,Hyperlipidemia follow-up.
P040,Rachel Adams,1997-01-15,F,7700035555,DR800,Dr. Sinha,Endocrinology,2025-10-20,OP,E11.9, ,4100.00,EndoCare,INS8004,Pending, ,Yes,Diabetes meds adjusted.
P043,Imran Khan,1982-12-12,M,8800077777,DR400,Dr. Khan,General Medicine,2025-10-21,OP,J11.1, ,900.00,HealthPlus,INS3007,Pending, ,No,Flu symptoms.
P044,Linda Park,1990-06-06,F,7000066666,DR500,Dr. Gupta,ENT,2025-10-21,OP,H74.3,PROC5005,3100.00,MedSecure,INS4006,Unpaid, ,Yes,Ear surgery follow-up.
P046,Nadia Petrova,1986-04-04,F,7700048888,DR800,Dr. Sinha,Endocrinology,2025-10-22,OP,E03.9,PROC8001,4500.00,EndoCare,INS8005,Pending, ,No,Thyroid injection given.
P048,Helena Costa,1991-07-07,F,7700023333,DR300,Dr. Lee,Neurology,2025-10-22,OP,G40.4, ,2600.00,GlobalCare,INS5005,Pending, ,No,Epilepsy med review.
P049,Manish Malhotra,1968-11-11,M,9900091111,DR100,Dr. Mehta,Cardiology,2025-10-23,OP,I25.9,PROC1009,12500.00,MedSecure,INS1008,Unpaid, ,Yes,Stable angina; cath planned.
P052,Priya Menon,1995-05-05,F,7700061111,DR500,Dr. Gupta,ENT,2025-10-24,OP,H65.1,PROC5006,2700.00,MedSecure,INS4007,Pending, ,No,Otitis externa therapy.
P053,Andrei Ivanov,1980-12-12,M,7700062222,DR300,Dr. Lee,Neurology,2025-10-24,OP,G93.1, ,4100.00,GlobalCare,INS5006,Unpaid, ,Yes,Headache; MRI recommended.
P056,Helga Schmidt,1976-10-10,F,6000044444,DR600,Dr. Rao,Oncology,2025-10-25,IP,C18.9,PROC6009; PROC6010,39000.00,CancerCover,INS6006,PENDING,2025-10-30,Yes,Colon surgery.
P057,Karan Johar,1970-05-05,M,7700081111,DR100,Dr. Mehta,Cardiology,2025-10-25,OP,I20.0, ,4500.00,MedSecure,INS1009,Pending, ,No,Stable angina; meds.
P059,Daniel Craig,1969-03-02,M,7700093333,DR500,Dr. Gupta,ENT,2025-10-26,OP,H92.1,PROC5007,3300.00,MedSecure,INS4010,Unpaid, ,Yes,Post-op check.
P061,Boris Becker,1967-06-06,M,8800045555,DR300,Dr. Lee,Neurology,2025-10-27,OP,G45.9, ,1500.00,GlobalCare,INS5007,Pending, ,Yes,TIA evaluation.
P064,Sylvia Plath,1932-10-27,F,7700018888,DR400,Dr. Khan,General Medicine,2025-10-28,OP,R53.1, ,600.00,HealthPlus,INS3010,Pending, ,No,Elderly fatigue management.
P065,Marcus Aurelius,1975-04-04,M,9990022222,DR600,Dr. Rao,Oncology,2025-10-28,IP,C50.9,PROC6011,34000.00,CancerCover,INS6007,Unpaid, ,Yes,Breast surgery.
P067,Victor Cruz,1988-02-02,M,7000077777,DR200,Dr. Iyer,Orthopedics,2025-10-29,OP,S72.1,PROC2008,6400.00,HealthPlus,INS2010,Pending, ,Yes,Hip fracture review.
P068,Nina Simone,1958-02-21,F,7700034444,DR800,Dr. Sinha,Endocrinology,2025-10-29,OP,E03.9, ,3800.00,EndoCare,INS8007,Unpaid, ,No,Thyroid labs abnormal.
P070,Leah Baker,2006-07-07,F,7700035556,DR700,Dr. Fernandez,Pediatrics,2025-10-30,OP,A15.0, ,1000.00,ChildCare,INS7008,Pending, ,No,TB follow-up.
P072,Sonia Kapoor,1984-12-12,F,7700067777,DR400,Dr. Khan,General Medicine,2025-10-30,OP,E11.9, ,1700.00,HealthPlus,INS3011,Pending, ,No,Diabetes review.
P074,Maya Angelou,1928-04-04,F,7700091112,DR300,Dr. Lee,Neurology,2025-10-31,OP,G93.4, ,3300.00,GlobalCare,INS5009,Unpaid, ,No,Dementia evaluation.
P075,Rajeshwari Pillai,1979-09-09,F,8800067777,DR500,Dr. Gupta,ENT,2025-10-31,OP,H92.2,PROC5008,2900.00,MedSecure,INS4012,Pending, ,Yes,Post-op ENT check.
P077,Linda Nguyen,1994-04-04,F,6000093333,DR800,Dr. Sinha,Endocrinology,2025-11-01,OP,E11.9,PROC8002,4300.00,EndoCare,INS8008,Pending, ,No,Diabetes insulin start.
P078,Mark Ruffalo,1967-11-22,M,7700083333,DR100,Dr. Mehta,Cardiology,2025-11-02,OP,I48.1,PROC1012,9400.00,MedSecure,INS1012,Unpaid, ,Yes,Arrhythmia consult.
P081,Olivia Wilde,1984-03-10,F,7700085555,DR700,Dr. Fernandez,Pediatrics,2025-11-03,OP,A09, ,900.00,ChildCare,INS7009,Pending, ,No,Viral illness.
P083,Samanta Fox,1980-05-05,F,7700079999,DR600,Dr. Rao,Oncology,2025-11-03,IP,C18.9,PROC6013,36000.00,CancerCover,INS6009,Pending,2025-11-08,Yes,Oncology multi-day admission.
P085,Diego Rivera,1905-12-08,M,8800007777,DR100,Dr. Mehta,Cardiology,2025-11-04,OP,I21.9,PROC1013,15500.00,MedSecure,INS1013,Unpaid, ,Yes,Post-MI monitoring.
P086,Aisha Siddiqui,1998-09-09,F,9810077777,DR500,Dr. Gupta,ENT,2025-11-05,OP,H91.2, ,2400.00,MedSecure,INS4014,Pending, ,No,Hearing loss eval.
P088,Helene Fischer,1984-10-05,F,7000095555,DR800,Dr. Sinha,Endocrinology,2025-11-05,OP,E03.9, ,4100.00,EndoCare,INS8010,Pending, ,No,Thyroid follow-up.
P090,Molly Ringwald,1968-02-18,F,7700041111,DR700,Dr. Fernandez,Pediatrics,2025-11-06,OP,A08.5, ,1100.00,ChildCare,INS7010,Unpaid, ,No,Pediatric GI.
P091,Yusuf Pathan,1982-10-22,M,9810088888,DR400,Dr. Khan,General Medicine,2025-11-07,OP,E11.9, ,1900.00,HealthPlus,INS3014,Pending, ,Yes,Diabetes counselling.
P093,Raj Malhotra,1974-01-15,M,7700010001,DR500,Dr. Gupta,ENT,2025-11-07,OP,H65.9, ,2500.00,MedSecure,INS4015,Pending, ,No,Ear pain.
P094,Tara Strong,1986-02-12,F,7000019999,DR300,Dr. Lee,Neurology,2025-11-08,OP,G93.3,PROC3010,4900.00,GlobalCare,INS5012,Unpaid, ,Yes,Neurology consult.
P096,Ritika Sen,1995-09-09,F,7700003333,DR400,Dr. Khan,General Medicine,2025-11-09,OP,R10.9, ,850.00,HealthPlus,INS3015,Pending, ,No,Abdominal pain.
P098,Sasha Banks,1992-12-01,F,7700091113,DR700,Dr. Fernandez,Pediatrics,2025-11-10,OP,A09, ,950.00,ChildCare,INS7011,Pending, ,No,Viral gastro.
P099,Igor Kravitz,1977-01-01,M,6000015555,DR300,Dr. Lee,Neurology,2025-11-10,OP,G43.0,PROC3011,5900.00,GlobalCare,INS5013,Unpaid, ,Yes,Severe migraine.
