patient_id,name,visit_date,billed_amount,payment_status
P001,Arun Kumar,1,7500.0,Paid
P002,Riya Sharma,2,24000.0,Pending
P006,Neha Verma,1,4800.5,Paid
P007,Alex Johnson,1,6000.0,Pending
P008,Li Wei,2,90000.0,Paid
P009,Anita Singh,1,900.0,Unpaid
P010,Michael Brown,1,1500.0,Paid
P011,Sophia Lee,1,5200.0,Pending
P012,Rajesh Kumar,1,16000.0,Paid
P013,Olga Petrova,1,4200.0,Unpaid
P014,Diego Marquez,1,7000.0,Paid
P015,Ananya Rao,1,1100.0,Pending
P017,Leila Ahmed,1,600.0,Unpaid
P018,Peter Clark,1,4300.0,Pending
P019,Maya Singh,1,2100.0,Paid
P020,Oscar Wilde,1,36000.0,Paid
P021,Lina Gomez,1,2500.0,Pending
P022,Tom Hanks,1,5000.0,Unpaid
P024,Raj Patel,1,4100.0,Pending
P025,Emily Stone,1,900.0,Paid
P026,Victor Hugo,2,19601.5,Pending
P027,Zara Ali,1,1400.0,Paid
P028,Ken Watanabe,1,22000.0,Paid
P030,Mira Kapoor,1,3000.0,Unpaid
P031,Sam Wilson,1,6100.0,Pending
P032,Isha Verma,1,800.0,Paid
P033,Arjun Singh,1,14500.0,Paid
P034,Nora Bates,2,2600.0,Pending
P035,Paul Green,1,5400.0,Paid
P036,Farah Khan,1,2900.0,Unpaid
P037,Igor Petrov,2,104000.0,Paid
P038,Karen Mills,1,1700.0,Pending
P039,Yuki Tanaka,1,4700.0,Paid
P041,Dev Patel,1,2300.0,Paid
P042,Sofia Loren,1,18500.0,Paid
P043,Imran Khan,1,900.0,Pending
P044,Linda Park,1,3100.0,Unpaid
P045,Noah Brown,1,2000.0,Paid
P046,Nadia Petrova,1,4500.0,Pending
P047,Oscar Diaz,1,8000.0,Paid
P048,Helena Costa,1,2600.0,Pending
P049,Manish Malhotra,2,25000.0,Unpaid
P050,Eva Green,1,28000.0,Paid
P051,Samir Das,1,1900.0,Paid
P052,Priya Menon,1,2.0,Medsecure
P053,Andrei Ivanov,1,4100.0,Unpaid
P054,Lucy Hale,1,1100.0,Paid
P055,Deepak Yadav,1,7200.0,Paid
P056,Helga Schmidt,1,39000.0,Pending
P057,Karan Johar,1,4500.0,Pending
P058,Mayra Lopez,1,900.0,Paid
P059,Daniel Craig,1,3300.0,Unpaid
P060,Ayesha Khan,1,4200.0,Paid
P061,Boris Becker,1,1500.0,Pending
P062,Grace Park,1,800.0,Paid
P063,Rajiv Menon,1,23000.0,Paid
P064,Sylvia Plath,1,600.0,Pending
P065,Marcus Aurelius,2,68000.0,Unpaid
P066,Hannah Wells,1,2700.0,Paid
P067,Victor Cruz,1,6400.0,Pending
P068,Nina Simone,1,3800.0,Unpaid
P069,Omar Sy,1,5900.0,Paid
P070,Leah Baker,1,1000.0,Pending
P071,Harish Rao,1,13200.0,Paid
P072,Sonia Kapoor,1,1700.0,Pending
P073,Neil Armstrong,1,47000.0,Paid
P074,Maya Angelou,1,3300.0,Unpaid
P075,Rajeshwari Pillai,1,2900.0,Pending
P076,Daniel Ortega,1,2300.0,Paid
P077,Linda Nguyen,1,4300.0,Pending
P078,Mark Ruffalo,1,9400.0,Unpaid
P079,Aditi Rao,1,700.0,Paid
P080,Chen Li,1,3050.0,Paid
P081,Olivia Wilde,1,900.0,Pending
P082,Pranav Joshi,1,6100.0,Paid
P083,Samanta Fox,1,36000.0,Pending
P084,Imelda Marcos,1,1500.0,Paid
P085,Diego Rivera,1,15500.0,Unpaid
P086,Aisha Siddiqui,1,2400.0,Pending
P087,Brian Cox,1,1700.0,Paid
P088,Helene Fischer,1,4100.0,Pending
P089,Anil Kapoor,1,7200.0,Paid
P090,Molly Ringwald,2,2200.0,Unpaid
P091,Yusuf Pathan,1,1900.0,Pending
P092,Nicole Kidman,1,21000.0,Paid
P093,Raj Malhotra,2,5000.0,Pending
P094,Tara Strong,1,4900.0,Unpaid
P095,Victor Hugo Jr,1,29000.0,Paid
P096,Ritika Sen,1,850.0,Pending
P097,Dominic Toretto,1,6800.0,Paid
P098,Sasha Banks,1,950.0,Pending
P099,Igor Kravitz,1,5900.0,Unpaid
P100,Ankita Sharma,1,4200.0,Paid
